[{"model": "admin.logentry", "pk": 187, "fields": {"action_time": "2024-01-25T08:39:31.435Z", "user": "b2c1d768-0e6a-42d5-8245-69527911fd18", "content_type": 9, "object_id": "99c40ec2-d2ba-4866-874b-3a174a3ac51d", "object_repr": "hadikhsdkj", "action_flag": 3, "change_message": ""}}, {"model": "admin.logentry", "pk": 188, "fields": {"action_time": "2024-01-30T06:15:21.027Z", "user": "b2c1d768-0e6a-42d5-8245-69527911fd18", "content_type": 36, "object_id": "1", "object_repr": "MyModel object (1)", "action_flag": 1, "change_message": "[{\"added\": {}}]"}}, {"model": "admin.logentry", "pk": 189, "fields": {"action_time": "2024-01-30T10:03:33.144Z", "user": "b2c1d768-0e6a-42d5-8245-69527911fd18", "content_type": 33, "object_id": "39", "object_repr": "39 - usbot1573999", "action_flag": 2, "change_message": "[{\"changed\": {\"fields\": [\"Status\", \"Message\"]}}]"}}, {"model": "admin.logentry", "pk": 190, "fields": {"action_time": "2024-01-30T10:10:25.885Z", "user": "b2c1d768-0e6a-42d5-8245-69527911fd18", "content_type": 33, "object_id": "39", "object_repr": "39 - usbot1573999", "action_flag": 2, "change_message": "[{\"changed\": {\"fields\": [\"Status\"]}}]"}}, {"model": "admin.logentry", "pk": 191, "fields": {"action_time": "2024-01-30T14:50:32.673Z", "user": "b2c1d768-0e6a-42d5-8245-69527911fd18", "content_type": 33, "object_id": "45", "object_repr": "45 - usbot8432341", "action_flag": 2, "change_message": "[{\"changed\": {\"fields\": [\"Status\", \"Message\"]}}]"}}, {"model": "auth.permission", "pk": 1, "fields": {"name": "Can add log entry", "content_type": 1, "codename": "add_logentry"}}, {"model": "auth.permission", "pk": 2, "fields": {"name": "Can change log entry", "content_type": 1, "codename": "change_logentry"}}, {"model": "auth.permission", "pk": 3, "fields": {"name": "Can delete log entry", "content_type": 1, "codename": "delete_logentry"}}, {"model": "auth.permission", "pk": 4, "fields": {"name": "Can view log entry", "content_type": 1, "codename": "view_logentry"}}, {"model": "auth.permission", "pk": 5, "fields": {"name": "Can add permission", "content_type": 2, "codename": "add_permission"}}, {"model": "auth.permission", "pk": 6, "fields": {"name": "Can change permission", "content_type": 2, "codename": "change_permission"}}, {"model": "auth.permission", "pk": 7, "fields": {"name": "Can delete permission", "content_type": 2, "codename": "delete_permission"}}, {"model": "auth.permission", "pk": 8, "fields": {"name": "Can view permission", "content_type": 2, "codename": "view_permission"}}, {"model": "auth.permission", "pk": 9, "fields": {"name": "Can add group", "content_type": 3, "codename": "add_group"}}, {"model": "auth.permission", "pk": 10, "fields": {"name": "Can change group", "content_type": 3, "codename": "change_group"}}, {"model": "auth.permission", "pk": 11, "fields": {"name": "Can delete group", "content_type": 3, "codename": "delete_group"}}, {"model": "auth.permission", "pk": 12, "fields": {"name": "Can view group", "content_type": 3, "codename": "view_group"}}, {"model": "auth.permission", "pk": 13, "fields": {"name": "Can add content type", "content_type": 4, "codename": "add_contenttype"}}, {"model": "auth.permission", "pk": 14, "fields": {"name": "Can change content type", "content_type": 4, "codename": "change_contenttype"}}, {"model": "auth.permission", "pk": 15, "fields": {"name": "Can delete content type", "content_type": 4, "codename": "delete_contenttype"}}, {"model": "auth.permission", "pk": 16, "fields": {"name": "Can view content type", "content_type": 4, "codename": "view_contenttype"}}, {"model": "auth.permission", "pk": 17, "fields": {"name": "Can add session", "content_type": 5, "codename": "add_session"}}, {"model": "auth.permission", "pk": 18, "fields": {"name": "Can change session", "content_type": 5, "codename": "change_session"}}, {"model": "auth.permission", "pk": 19, "fields": {"name": "Can delete session", "content_type": 5, "codename": "delete_session"}}, {"model": "auth.permission", "pk": 20, "fields": {"name": "Can view session", "content_type": 5, "codename": "view_session"}}, {"model": "auth.permission", "pk": 21, "fields": {"name": "Can add cart", "content_type": 6, "codename": "add_cart"}}, {"model": "auth.permission", "pk": 22, "fields": {"name": "Can change cart", "content_type": 6, "codename": "change_cart"}}, {"model": "auth.permission", "pk": 23, "fields": {"name": "Can delete cart", "content_type": 6, "codename": "delete_cart"}}, {"model": "auth.permission", "pk": 24, "fields": {"name": "Can view cart", "content_type": 6, "codename": "view_cart"}}, {"model": "auth.permission", "pk": 25, "fields": {"name": "Can add category", "content_type": 7, "codename": "add_category"}}, {"model": "auth.permission", "pk": 26, "fields": {"name": "Can change category", "content_type": 7, "codename": "change_category"}}, {"model": "auth.permission", "pk": 27, "fields": {"name": "Can delete category", "content_type": 7, "codename": "delete_category"}}, {"model": "auth.permission", "pk": 28, "fields": {"name": "Can view category", "content_type": 7, "codename": "view_category"}}, {"model": "auth.permission", "pk": 29, "fields": {"name": "Can add product", "content_type": 8, "codename": "add_product"}}, {"model": "auth.permission", "pk": 30, "fields": {"name": "Can change product", "content_type": 8, "codename": "change_product"}}, {"model": "auth.permission", "pk": 31, "fields": {"name": "Can delete product", "content_type": 8, "codename": "delete_product"}}, {"model": "auth.permission", "pk": 32, "fields": {"name": "Can view product", "content_type": 8, "codename": "view_product"}}, {"model": "auth.permission", "pk": 33, "fields": {"name": "Can add user profile", "content_type": 9, "codename": "add_userprofile"}}, {"model": "auth.permission", "pk": 34, "fields": {"name": "Can change user profile", "content_type": 9, "codename": "change_userprofile"}}, {"model": "auth.permission", "pk": 35, "fields": {"name": "Can delete user profile", "content_type": 9, "codename": "delete_userprofile"}}, {"model": "auth.permission", "pk": 36, "fields": {"name": "Can view user profile", "content_type": 9, "codename": "view_userprofile"}}, {"model": "auth.permission", "pk": 37, "fields": {"name": "Can add variant", "content_type": 10, "codename": "add_variant"}}, {"model": "auth.permission", "pk": 38, "fields": {"name": "Can change variant", "content_type": 10, "codename": "change_variant"}}, {"model": "auth.permission", "pk": 39, "fields": {"name": "Can delete variant", "content_type": 10, "codename": "delete_variant"}}, {"model": "auth.permission", "pk": 40, "fields": {"name": "Can view variant", "content_type": 10, "codename": "view_variant"}}, {"model": "auth.permission", "pk": 41, "fields": {"name": "Can add sub_ category", "content_type": 11, "codename": "add_sub_category"}}, {"model": "auth.permission", "pk": 42, "fields": {"name": "Can change sub_ category", "content_type": 11, "codename": "change_sub_category"}}, {"model": "auth.permission", "pk": 43, "fields": {"name": "Can delete sub_ category", "content_type": 11, "codename": "delete_sub_category"}}, {"model": "auth.permission", "pk": 44, "fields": {"name": "Can view sub_ category", "content_type": 11, "codename": "view_sub_category"}}, {"model": "auth.permission", "pk": 45, "fields": {"name": "Can add main_ images", "content_type": 12, "codename": "add_main_images"}}, {"model": "auth.permission", "pk": 46, "fields": {"name": "Can change main_ images", "content_type": 12, "codename": "change_main_images"}}, {"model": "auth.permission", "pk": 47, "fields": {"name": "Can delete main_ images", "content_type": 12, "codename": "delete_main_images"}}, {"model": "auth.permission", "pk": 48, "fields": {"name": "Can view main_ images", "content_type": 12, "codename": "view_main_images"}}, {"model": "auth.permission", "pk": 49, "fields": {"name": "Can add logo", "content_type": 13, "codename": "add_logo"}}, {"model": "auth.permission", "pk": 50, "fields": {"name": "Can change logo", "content_type": 13, "codename": "change_logo"}}, {"model": "auth.permission", "pk": 51, "fields": {"name": "Can delete logo", "content_type": 13, "codename": "delete_logo"}}, {"model": "auth.permission", "pk": 52, "fields": {"name": "Can view logo", "content_type": 13, "codename": "view_logo"}}, {"model": "auth.permission", "pk": 53, "fields": {"name": "Can add categoryy", "content_type": 14, "codename": "add_categoryy"}}, {"model": "auth.permission", "pk": 54, "fields": {"name": "Can change categoryy", "content_type": 14, "codename": "change_categoryy"}}, {"model": "auth.permission", "pk": 55, "fields": {"name": "Can delete categoryy", "content_type": 14, "codename": "delete_categoryy"}}, {"model": "auth.permission", "pk": 56, "fields": {"name": "Can view categoryy", "content_type": 14, "codename": "view_categoryy"}}, {"model": "auth.permission", "pk": 57, "fields": {"name": "Can add brand", "content_type": 15, "codename": "add_brand"}}, {"model": "auth.permission", "pk": 58, "fields": {"name": "Can change brand", "content_type": 15, "codename": "change_brand"}}, {"model": "auth.permission", "pk": 59, "fields": {"name": "Can delete brand", "content_type": 15, "codename": "delete_brand"}}, {"model": "auth.permission", "pk": 60, "fields": {"name": "Can view brand", "content_type": 15, "codename": "view_brand"}}, {"model": "auth.permission", "pk": 61, "fields": {"name": "Can add colorr", "content_type": 16, "codename": "add_colorr"}}, {"model": "auth.permission", "pk": 62, "fields": {"name": "Can change colorr", "content_type": 16, "codename": "change_colorr"}}, {"model": "auth.permission", "pk": 63, "fields": {"name": "Can delete colorr", "content_type": 16, "codename": "delete_colorr"}}, {"model": "auth.permission", "pk": 64, "fields": {"name": "Can view colorr", "content_type": 16, "codename": "view_colorr"}}, {"model": "auth.permission", "pk": 65, "fields": {"name": "Can add sizee", "content_type": 17, "codename": "add_sizee"}}, {"model": "auth.permission", "pk": 66, "fields": {"name": "Can change sizee", "content_type": 17, "codename": "change_sizee"}}, {"model": "auth.permission", "pk": 67, "fields": {"name": "Can delete sizee", "content_type": 17, "codename": "delete_sizee"}}, {"model": "auth.permission", "pk": 68, "fields": {"name": "Can view sizee", "content_type": 17, "codename": "view_sizee"}}, {"model": "auth.permission", "pk": 69, "fields": {"name": "Can add productt", "content_type": 18, "codename": "add_productt"}}, {"model": "auth.permission", "pk": 70, "fields": {"name": "Can change productt", "content_type": 18, "codename": "change_productt"}}, {"model": "auth.permission", "pk": 71, "fields": {"name": "Can delete productt", "content_type": 18, "codename": "delete_productt"}}, {"model": "auth.permission", "pk": 72, "fields": {"name": "Can view productt", "content_type": 18, "codename": "view_productt"}}, {"model": "auth.permission", "pk": 73, "fields": {"name": "Can add product attribute", "content_type": 19, "codename": "add_productattribute"}}, {"model": "auth.permission", "pk": 74, "fields": {"name": "Can change product attribute", "content_type": 19, "codename": "change_productattribute"}}, {"model": "auth.permission", "pk": 75, "fields": {"name": "Can delete product attribute", "content_type": 19, "codename": "delete_productattribute"}}, {"model": "auth.permission", "pk": 76, "fields": {"name": "Can view product attribute", "content_type": 19, "codename": "view_productattribute"}}, {"model": "auth.permission", "pk": 77, "fields": {"name": "Can add wishlist model", "content_type": 20, "codename": "add_wishlistmodel"}}, {"model": "auth.permission", "pk": 78, "fields": {"name": "Can change wishlist model", "content_type": 20, "codename": "change_wishlistmodel"}}, {"model": "auth.permission", "pk": 79, "fields": {"name": "Can delete wishlist model", "content_type": 20, "codename": "delete_wishlistmodel"}}, {"model": "auth.permission", "pk": 80, "fields": {"name": "Can view wishlist model", "content_type": 20, "codename": "view_wishlistmodel"}}, {"model": "auth.permission", "pk": 81, "fields": {"name": "Can add color image", "content_type": 21, "codename": "add_colorimage"}}, {"model": "auth.permission", "pk": 82, "fields": {"name": "Can change color image", "content_type": 21, "codename": "change_colorimage"}}, {"model": "auth.permission", "pk": 83, "fields": {"name": "Can delete color image", "content_type": 21, "codename": "delete_colorimage"}}, {"model": "auth.permission", "pk": 84, "fields": {"name": "Can view color image", "content_type": 21, "codename": "view_colorimage"}}, {"model": "auth.permission", "pk": 85, "fields": {"name": "Can add userdp", "content_type": 22, "codename": "add_userdp"}}, {"model": "auth.permission", "pk": 86, "fields": {"name": "Can change userdp", "content_type": 22, "codename": "change_userdp"}}, {"model": "auth.permission", "pk": 87, "fields": {"name": "Can delete userdp", "content_type": 22, "codename": "delete_userdp"}}, {"model": "auth.permission", "pk": 88, "fields": {"name": "Can view userdp", "content_type": 22, "codename": "view_userdp"}}, {"model": "auth.permission", "pk": 89, "fields": {"name": "Can add peromo code", "content_type": 23, "codename": "add_peromocode"}}, {"model": "auth.permission", "pk": 90, "fields": {"name": "Can change peromo code", "content_type": 23, "codename": "change_peromocode"}}, {"model": "auth.permission", "pk": 91, "fields": {"name": "Can delete peromo code", "content_type": 23, "codename": "delete_peromocode"}}, {"model": "auth.permission", "pk": 92, "fields": {"name": "Can view peromo code", "content_type": 23, "codename": "view_peromocode"}}, {"model": "auth.permission", "pk": 93, "fields": {"name": "Can add shipping address", "content_type": 24, "codename": "add_shippingaddress"}}, {"model": "auth.permission", "pk": 94, "fields": {"name": "Can change shipping address", "content_type": 24, "codename": "change_shippingaddress"}}, {"model": "auth.permission", "pk": 95, "fields": {"name": "Can delete shipping address", "content_type": 24, "codename": "delete_shippingaddress"}}, {"model": "auth.permission", "pk": 96, "fields": {"name": "Can view shipping address", "content_type": 24, "codename": "view_shippingaddress"}}, {"model": "auth.permission", "pk": 97, "fields": {"name": "Can add address", "content_type": 25, "codename": "add_address"}}, {"model": "auth.permission", "pk": 98, "fields": {"name": "Can change address", "content_type": 25, "codename": "change_address"}}, {"model": "auth.permission", "pk": 99, "fields": {"name": "Can delete address", "content_type": 25, "codename": "delete_address"}}, {"model": "auth.permission", "pk": 100, "fields": {"name": "Can view address", "content_type": 25, "codename": "view_address"}}, {"model": "auth.permission", "pk": 101, "fields": {"name": "Can add order", "content_type": 26, "codename": "add_order"}}, {"model": "auth.permission", "pk": 102, "fields": {"name": "Can change order", "content_type": 26, "codename": "change_order"}}, {"model": "auth.permission", "pk": 103, "fields": {"name": "Can delete order", "content_type": 26, "codename": "delete_order"}}, {"model": "auth.permission", "pk": 104, "fields": {"name": "Can view order", "content_type": 26, "codename": "view_order"}}, {"model": "auth.permission", "pk": 105, "fields": {"name": "Can add order item", "content_type": 27, "codename": "add_orderitem"}}, {"model": "auth.permission", "pk": 106, "fields": {"name": "Can change order item", "content_type": 27, "codename": "change_orderitem"}}, {"model": "auth.permission", "pk": 107, "fields": {"name": "Can delete order item", "content_type": 27, "codename": "delete_orderitem"}}, {"model": "auth.permission", "pk": 108, "fields": {"name": "Can view order item", "content_type": 27, "codename": "view_orderitem"}}, {"model": "auth.permission", "pk": 109, "fields": {"name": "Can add PayPal IPN", "content_type": 28, "codename": "add_paypalipn"}}, {"model": "auth.permission", "pk": 110, "fields": {"name": "Can change PayPal IPN", "content_type": 28, "codename": "change_paypalipn"}}, {"model": "auth.permission", "pk": 111, "fields": {"name": "Can delete PayPal IPN", "content_type": 28, "codename": "delete_paypalipn"}}, {"model": "auth.permission", "pk": 112, "fields": {"name": "Can view PayPal IPN", "content_type": 28, "codename": "view_paypalipn"}}, {"model": "auth.permission", "pk": 113, "fields": {"name": "Can add promo code", "content_type": 23, "codename": "add_promocode"}}, {"model": "auth.permission", "pk": 114, "fields": {"name": "Can change promo code", "content_type": 23, "codename": "change_promocode"}}, {"model": "auth.permission", "pk": 115, "fields": {"name": "Can delete promo code", "content_type": 23, "codename": "delete_promocode"}}, {"model": "auth.permission", "pk": 116, "fields": {"name": "Can view promo code", "content_type": 23, "codename": "view_promocode"}}, {"model": "auth.permission", "pk": 117, "fields": {"name": "Can add cart order", "content_type": 29, "codename": "add_cartorder"}}, {"model": "auth.permission", "pk": 118, "fields": {"name": "Can change cart order", "content_type": 29, "codename": "change_cartorder"}}, {"model": "auth.permission", "pk": 119, "fields": {"name": "Can delete cart order", "content_type": 29, "codename": "delete_cartorder"}}, {"model": "auth.permission", "pk": 120, "fields": {"name": "Can view cart order", "content_type": 29, "codename": "view_cartorder"}}, {"model": "auth.permission", "pk": 121, "fields": {"name": "Can add cart order items", "content_type": 30, "codename": "add_cartorderitems"}}, {"model": "auth.permission", "pk": 122, "fields": {"name": "Can change cart order items", "content_type": 30, "codename": "change_cartorderitems"}}, {"model": "auth.permission", "pk": 123, "fields": {"name": "Can delete cart order items", "content_type": 30, "codename": "delete_cartorderitems"}}, {"model": "auth.permission", "pk": 124, "fields": {"name": "Can view cart order items", "content_type": 30, "codename": "view_cartorderitems"}}, {"model": "auth.permission", "pk": 125, "fields": {"name": "Can add cart order item", "content_type": 31, "codename": "add_cartorderitem"}}, {"model": "auth.permission", "pk": 126, "fields": {"name": "Can change cart order item", "content_type": 31, "codename": "change_cartorderitem"}}, {"model": "auth.permission", "pk": 127, "fields": {"name": "Can delete cart order item", "content_type": 31, "codename": "delete_cartorderitem"}}, {"model": "auth.permission", "pk": 128, "fields": {"name": "Can view cart order item", "content_type": 31, "codename": "view_cartorderitem"}}, {"model": "auth.permission", "pk": 129, "fields": {"name": "Can add user order item", "content_type": 32, "codename": "add_userorderitem"}}, {"model": "auth.permission", "pk": 130, "fields": {"name": "Can change user order item", "content_type": 32, "codename": "change_userorderitem"}}, {"model": "auth.permission", "pk": 131, "fields": {"name": "Can delete user order item", "content_type": 32, "codename": "delete_userorderitem"}}, {"model": "auth.permission", "pk": 132, "fields": {"name": "Can view user order item", "content_type": 32, "codename": "view_userorderitem"}}, {"model": "auth.permission", "pk": 133, "fields": {"name": "Can add user order", "content_type": 33, "codename": "add_userorder"}}, {"model": "auth.permission", "pk": 134, "fields": {"name": "Can change user order", "content_type": 33, "codename": "change_userorder"}}, {"model": "auth.permission", "pk": 135, "fields": {"name": "Can delete user order", "content_type": 33, "codename": "delete_userorder"}}, {"model": "auth.permission", "pk": 136, "fields": {"name": "Can view user order", "content_type": 33, "codename": "view_userorder"}}, {"model": "auth.permission", "pk": 137, "fields": {"name": "Can add image", "content_type": 34, "codename": "add_image"}}, {"model": "auth.permission", "pk": 138, "fields": {"name": "Can change image", "content_type": 34, "codename": "change_image"}}, {"model": "auth.permission", "pk": 139, "fields": {"name": "Can delete image", "content_type": 34, "codename": "delete_image"}}, {"model": "auth.permission", "pk": 140, "fields": {"name": "Can view image", "content_type": 34, "codename": "view_image"}}, {"model": "auth.permission", "pk": 141, "fields": {"name": "Can add color_ image", "content_type": 35, "codename": "add_color_image"}}, {"model": "auth.permission", "pk": 142, "fields": {"name": "Can change color_ image", "content_type": 35, "codename": "change_color_image"}}, {"model": "auth.permission", "pk": 143, "fields": {"name": "Can delete color_ image", "content_type": 35, "codename": "delete_color_image"}}, {"model": "auth.permission", "pk": 144, "fields": {"name": "Can view color_ image", "content_type": 35, "codename": "view_color_image"}}, {"model": "auth.permission", "pk": 145, "fields": {"name": "Can add my model", "content_type": 36, "codename": "add_mymodel"}}, {"model": "auth.permission", "pk": 146, "fields": {"name": "Can change my model", "content_type": 36, "codename": "change_mymodel"}}, {"model": "auth.permission", "pk": 147, "fields": {"name": "Can delete my model", "content_type": 36, "codename": "delete_mymodel"}}, {"model": "auth.permission", "pk": 148, "fields": {"name": "Can view my model", "content_type": 36, "codename": "view_mymodel"}}, {"model": "auth.permission", "pk": 149, "fields": {"name": "Can add source", "content_type": 37, "codename": "add_source"}}, {"model": "auth.permission", "pk": 150, "fields": {"name": "Can change source", "content_type": 37, "codename": "change_source"}}, {"model": "auth.permission", "pk": 151, "fields": {"name": "Can delete source", "content_type": 37, "codename": "delete_source"}}, {"model": "auth.permission", "pk": 152, "fields": {"name": "Can view source", "content_type": 37, "codename": "view_source"}}, {"model": "auth.permission", "pk": 153, "fields": {"name": "Can add thumbnail", "content_type": 38, "codename": "add_thumbnail"}}, {"model": "auth.permission", "pk": 154, "fields": {"name": "Can change thumbnail", "content_type": 38, "codename": "change_thumbnail"}}, {"model": "auth.permission", "pk": 155, "fields": {"name": "Can delete thumbnail", "content_type": 38, "codename": "delete_thumbnail"}}, {"model": "auth.permission", "pk": 156, "fields": {"name": "Can view thumbnail", "content_type": 38, "codename": "view_thumbnail"}}, {"model": "auth.permission", "pk": 157, "fields": {"name": "Can add thumbnail dimensions", "content_type": 39, "codename": "add_thumbnaildimensions"}}, {"model": "auth.permission", "pk": 158, "fields": {"name": "Can change thumbnail dimensions", "content_type": 39, "codename": "change_thumbnaildimensions"}}, {"model": "auth.permission", "pk": 159, "fields": {"name": "Can delete thumbnail dimensions", "content_type": 39, "codename": "delete_thumbnaildimensions"}}, {"model": "auth.permission", "pk": 160, "fields": {"name": "Can view thumbnail dimensions", "content_type": 39, "codename": "view_thumbnaildimensions"}}, {"model": "contenttypes.contenttype", "pk": 1, "fields": {"app_label": "admin", "model": "logentry"}}, {"model": "contenttypes.contenttype", "pk": 2, "fields": {"app_label": "auth", "model": "permission"}}, {"model": "contenttypes.contenttype", "pk": 3, "fields": {"app_label": "auth", "model": "group"}}, {"model": "contenttypes.contenttype", "pk": 4, "fields": {"app_label": "contenttypes", "model": "contenttype"}}, {"model": "contenttypes.contenttype", "pk": 5, "fields": {"app_label": "sessions", "model": "session"}}, {"model": "contenttypes.contenttype", "pk": 6, "fields": {"app_label": "Store", "model": "cart"}}, {"model": "contenttypes.contenttype", "pk": 7, "fields": {"app_label": "Store", "model": "category"}}, {"model": "contenttypes.contenttype", "pk": 8, "fields": {"app_label": "Store", "model": "product"}}, {"model": "contenttypes.contenttype", "pk": 9, "fields": {"app_label": "Store", "model": "userprofile"}}, {"model": "contenttypes.contenttype", "pk": 10, "fields": {"app_label": "Store", "model": "variant"}}, {"model": "contenttypes.contenttype", "pk": 11, "fields": {"app_label": "Store", "model": "sub_category"}}, {"model": "contenttypes.contenttype", "pk": 12, "fields": {"app_label": "Store", "model": "main_images"}}, {"model": "contenttypes.contenttype", "pk": 13, "fields": {"app_label": "Store", "model": "logo"}}, {"model": "contenttypes.contenttype", "pk": 14, "fields": {"app_label": "Store", "model": "categoryy"}}, {"model": "contenttypes.contenttype", "pk": 15, "fields": {"app_label": "Store", "model": "brand"}}, {"model": "contenttypes.contenttype", "pk": 16, "fields": {"app_label": "Store", "model": "colorr"}}, {"model": "contenttypes.contenttype", "pk": 17, "fields": {"app_label": "Store", "model": "sizee"}}, {"model": "contenttypes.contenttype", "pk": 18, "fields": {"app_label": "Store", "model": "productt"}}, {"model": "contenttypes.contenttype", "pk": 19, "fields": {"app_label": "Store", "model": "productattribute"}}, {"model": "contenttypes.contenttype", "pk": 20, "fields": {"app_label": "wishlist", "model": "wishlistmodel"}}, {"model": "contenttypes.contenttype", "pk": 21, "fields": {"app_label": "Store", "model": "colorimage"}}, {"model": "contenttypes.contenttype", "pk": 22, "fields": {"app_label": "Store", "model": "userdp"}}, {"model": "contenttypes.contenttype", "pk": 23, "fields": {"app_label": "Store", "model": "promocode"}}, {"model": "contenttypes.contenttype", "pk": 24, "fields": {"app_label": "Store", "model": "shippingaddress"}}, {"model": "contenttypes.contenttype", "pk": 25, "fields": {"app_label": "Store", "model": "address"}}, {"model": "contenttypes.contenttype", "pk": 26, "fields": {"app_label": "Store", "model": "order"}}, {"model": "contenttypes.contenttype", "pk": 27, "fields": {"app_label": "Store", "model": "orderitem"}}, {"model": "contenttypes.contenttype", "pk": 28, "fields": {"app_label": "ipn", "model": "paypalipn"}}, {"model": "contenttypes.contenttype", "pk": 29, "fields": {"app_label": "Store", "model": "cartorder"}}, {"model": "contenttypes.contenttype", "pk": 30, "fields": {"app_label": "Store", "model": "cartorderitems"}}, {"model": "contenttypes.contenttype", "pk": 31, "fields": {"app_label": "Store", "model": "cartorderitem"}}, {"model": "contenttypes.contenttype", "pk": 32, "fields": {"app_label": "Store", "model": "userorderitem"}}, {"model": "contenttypes.contenttype", "pk": 33, "fields": {"app_label": "Store", "model": "userorder"}}, {"model": "contenttypes.contenttype", "pk": 34, "fields": {"app_label": "Store", "model": "image"}}, {"model": "contenttypes.contenttype", "pk": 35, "fields": {"app_label": "Store", "model": "color_image"}}, {"model": "contenttypes.contenttype", "pk": 36, "fields": {"app_label": "Store", "model": "mymodel"}}, {"model": "contenttypes.contenttype", "pk": 37, "fields": {"app_label": "easy_thumbnails", "model": "source"}}, {"model": "contenttypes.contenttype", "pk": 38, "fields": {"app_label": "easy_thumbnails", "model": "thumbnail"}}, {"model": "contenttypes.contenttype", "pk": 39, "fields": {"app_label": "easy_thumbnails", "model": "thumbnaildimensions"}}, {"model": "sessions.session", "pk": "0wik2osccz6gdgsd8nfaklro7ljk8odb", "fields": {"session_data": ".eJxVzDkOwjAQheG7uMaWZ7xT0nOGaOyxCYsSKUuFuDuJlALq9_3vLTpal75b5zp1dxZnkbEABx-lrp6kRXYyonXSJ4chATSGKE6_WabyrMPe8oOG26jKOCzTPaudqGOd1XXk-roc9u-gp7nf6pQiaoCcfaiuUQ2aHKF3lqPJvjEZtkYzU0tkiEzCGEomAzFsSIP4fAGBBUBS:1rW8HE:5b2zEFTdauauZtUumIYA_stCTTwvlTZXqWIhcA1VBbU", "expire_date": "2024-02-17T05:09:16.810Z"}}, {"model": "Store.main_images", "pk": "6e9163bd-0c80-4728-ae12-5b08271637df", "fields": {"slug": null, "created_at": "2023-11-02T06:53:09.581Z", "updated_at": "2023-11-02T06:53:09.581Z", "cover_image": "main_img/Untitled.jpeg"}}, {"model": "Store.logo", "pk": "bb1e816c-37d9-4afd-a132-eaf36826973d", "fields": {"slug": null, "created_at": "2023-11-02T13:13:36.653Z", "updated_at": "2023-11-02T13:13:36.653Z", "cover_image": "Logo_img/Screenshot_from_2023-09-02_19-09-13.png"}}, {"model": "Store.userdp", "pk": "ba4aed61-76c1-4d14-aca3-f932d54e2835", "fields": {"slug": "screenshot-from-2023-11-20-10-45-51png", "created_at": "2023-11-20T05:25:55.539Z", "updated_at": "2023-11-20T05:25:55.539Z", "image": "user_img/Screenshot_from_2023-11-20_10-45-51.png"}}, {"model": "Store.userprofile", "pk": "2b5a9a93-4889-49d1-8358-df72962fcbab", "fields": {"password": "pbkdf2_sha256$600000$OzDXTYMhNP9DsQ1krjDmgI$LY3BVyZzFp8N3CmJKtQZlrBakcaYxqFCv6WeXpwrpy4=", "last_login": "2024-01-25T06:49:03.137Z", "is_superuser": false, "slug": "adarshadvisingcoordinatorgmailcom", "email": "adarshadvisingcoordinator@gmail.com", "username": "adarshlkl", "is_active": true, "is_staff": false, "profile_image": "", "groups": [], "user_permissions": []}}, {"model": "Store.userprofile", "pk": "b2c1d768-0e6a-42d5-8245-69527911fd18", "fields": {"password": "pbkdf2_sha256$600000$lttn0bDwqmxI3u6C2yN1Dy$dn4DT09157uJlvt9oIkjbSS4Ng/8vFpGF+LYQgz4GRs=", "last_login": "2024-01-30T03:34:36.881Z", "is_superuser": true, "slug": "admingmailcom", "email": "admin@gmail.com", "username": "admin", "is_active": true, "is_staff": true, "profile_image": "profile_images/bgimage_8z1sF8h.jpeg", "groups": [], "user_permissions": []}}, {"model": "Store.userprofile", "pk": "b576d3bf-6cf7-4649-aa90-3f3026a12dd1", "fields": {"password": "pbkdf2_sha256$600000$wH2XoCl0ihyxpdGrieUrYC$QyFvYOCIAKt/XKADP71vKLVGt9ru1I4MW6uJZTWWLL4=", "last_login": "2024-01-23T14:22:37.273Z", "is_superuser": false, "slug": "fsefhcbgjhmngmailcom", "email": "fsefhcbgjhmn@gmail.com", "username": "sefbgrfdtjh", "is_active": true, "is_staff": false, "profile_image": "profile_images/WhatsApp_Image_2024-01-24_at_9.22.55_AM.jpeg", "groups": [], "user_permissions": []}}, {"model": "Store.userprofile", "pk": "be7552d5-fcb8-4216-993d-22472e2644b2", "fields": {"password": "pbkdf2_sha256$600000$izMcrgvQHBTN0DO3eIaQ3D$rCQ4YCe1VdHgO9tuF1e6RpBon8i01XWZwaD2xj5uhXQ=", "last_login": "2023-11-15T05:40:11.340Z", "is_superuser": false, "slug": "usgmailcom", "email": "us@gmail.com", "username": "usman", "is_active": true, "is_staff": false, "profile_image": "", "groups": [], "user_permissions": []}}, {"model": "Store.userprofile", "pk": "ef6dd4e9-0aa0-48e0-a218-903a89cd8ea5", "fields": {"password": "pbkdf2_sha256$600000$mmVw09Ni611fGc64xICT74$uaZPBHnnTWjTu0j7WGutwLlxT/uPfC+TXKpm/WoxFE4=", "last_login": "2024-01-24T04:08:17.351Z", "is_superuser": false, "slug": "hjghvhkfgmailcom", "email": "hjghvhkf@gmail.com", "username": "tfghfjhgfh", "is_active": true, "is_staff": false, "profile_image": "profile_images/Hadik2_0A3dCsx.jpg", "groups": [], "user_permissions": []}}, {"model": "Store.address", "pk": "3bbe2a99-1318-4b67-9466-29d845f7c3e8", "fields": {"user": "2b5a9a93-4889-49d1-8358-df72962fcbab", "first_name": "ghjfghft", "last_name": "dthnfdh", "address_type": "Home", "address": "hdhndhnh", "city": "tdyhjnm", "state": "dthmnfgh", "phone_number": "1234567890", "pincode": 123654}}, {"model": "Store.address", "pk": "42da1dd1-a627-4f60-bd63-2535f417ed81", "fields": {"user": "b2c1d768-0e6a-42d5-8245-69527911fd18", "first_name": "ytjgjfgh", "last_name": "fgjfhghmg", "address_type": "Office", "address": "dghjhhhhhhhhg", "city": "fhghm", "state": "fhgmghm", "phone_number": "1236547890", "pincode": 123654}}, {"model": "Store.address", "pk": "b75718f5-336b-4b58-a0c3-34573ee9d36d", "fields": {"user": "2b5a9a93-4889-49d1-8358-df72962fcbab", "first_name": "ljhliyt", "last_name": "ouyto", "address_type": "Home", "address": "kjhglkutf", "city": "kygkutfk", "state": "luytluiygliyugiuyiyugl", "phone_number": "1234567890", "pincode": 123654}}, {"model": "Store.address", "pk": "cb84cb4f-a105-4566-946a-b8265fa75184", "fields": {"user": "b576d3bf-6cf7-4649-aa90-3f3026a12dd1", "first_name": "4567899", "last_name": "234567", "address_type": "Office", "address": "gfcjgn ghb", "city": "34567", "state": "345678", "phone_number": "1234569874", "pincode": 123456}}, {"model": "Store.address", "pk": "eb5118f2-b03a-4e20-a8c2-f8fb86eebc89", "fields": {"user": "b2c1d768-0e6a-42d5-8245-69527911fd18", "first_name": "srtjh", "last_name": "dtyjhgc", "address_type": "Home", "address": "rtsrthg", "city": "drtyituk", "state": "eyukyfukf", "phone_number": "1234567890", "pincode": 123456}}, {"model": "Store.category", "pk": "36af0cd2-35c1-41a8-8810-e9cf58a742bd", "fields": {"slug": "combo-packs", "created_at": "2023-10-26T06:58:54.190Z", "updated_at": "2023-12-08T11:30:26.575Z", "name": "combo packs", "image": "category/combo3.png", "description": "Welcome to Speedex, your one-stop destination for high-quality stainless steel water bottles. We are thrilled to introduce our exclusive range of Combo packs, designed to offer you convenience and versatility in staying hydrated on the go. With our Combo packs, you can enjoy the benefits of having multiple bottles for different purposes, all in one convenient purchase. Shop Now !!!"}}, {"model": "Store.category", "pk": "4f780428-8b45-4bde-a9e2-e6bf7e0b5ccb", "fields": {"slug": "usbot-atelier", "created_at": "2023-11-15T13:22:30.762Z", "updated_at": "2023-12-08T11:30:13.810Z", "name": "usbot atelier", "image": "category/Chase-Your-Dreams-420x455.png", "description": "Relishing the unique feature of printing technology allows you to add any design, text, or image to the water bottle’s surface, making it truly one-of-a-kind. Atelier steel bottles make a perfect choice for gifting, events, family gatherings, etc. It is time to start hydrating in style; order your Personalized Printing Steel Water Bottle today."}}, {"model": "Store.category", "pk": "71d43012-230e-483d-8e4b-acdec9c55069", "fields": {"slug": "new-category", "created_at": "2023-11-16T14:44:00.177Z", "updated_at": "2023-12-08T11:29:58.862Z", "name": "new category", "image": "category/Lush-Green-420x455.png", "description": "description"}}, {"model": "Store.category", "pk": "7fb41a25-a037-4797-94aa-e0c9e04d8224", "fields": {"slug": "SOLARA", "created_at": "2024-01-24T14:41:28.640Z", "updated_at": "2024-01-24T14:41:28.640Z", "name": "SOLARA", "image": "category/main_image_red.webp", "description": "<p>LARGE 2-IN-1 DRINK SHAKER bottles for protein shake includes the proprietary top spring and leakproof screw-on lid. 650ML Shaker cup capacity, 150ml compartment for protein powder with its own whisk and mix ball to make protein mixing as efficient as possible<br />\r\nRUST-PROOF &amp; EASY CLEAN MIX BALL : Unlike most metal ball, our ball is made from top quality plastic material which is rust proof, never chip or pee</p>"}}, {"model": "Store.sub_category", "pk": "1bdc7d6f-c643-463f-85d1-578b53bca1dd", "fields": {"slug": "teen", "created_at": "2023-11-15T13:22:53.064Z", "updated_at": "2023-11-15T13:22:53.064Z", "name": "TEEN", "category": "4f780428-8b45-4bde-a9e2-e6bf7e0b5ccb"}}, {"model": "Store.sub_category", "pk": "4a0ce489-1a93-4cbb-a837-24e9cb1b6f9d", "fields": {"slug": "sub-category", "created_at": "2023-11-16T14:44:19.211Z", "updated_at": "2023-11-16T14:44:19.211Z", "name": "sub category", "category": "71d43012-230e-483d-8e4b-acdec9c55069"}}, {"model": "Store.sub_category", "pk": "90b401c4-31e3-4559-9fa5-012a52e4e3ff", "fields": {"slug": "Protein", "created_at": "2024-01-24T14:42:15.947Z", "updated_at": "2024-01-24T14:42:15.947Z", "name": "Protein", "category": "7fb41a25-a037-4797-94aa-e0c9e04d8224"}}, {"model": "Store.sub_category", "pk": "a2dd588c-5303-4fdb-b31c-c43c791c6724", "fields": {"slug": "combo-packs", "created_at": "2023-10-26T07:00:56.050Z", "updated_at": "2023-10-26T07:00:56.050Z", "name": "COMBO PACKS", "category": "36af0cd2-35c1-41a8-8810-e9cf58a742bd"}}, {"model": "Store.sub_category", "pk": "b54702a8-afa9-4524-ade6-82ef2e0ea5f1", "fields": {"slug": "second-sub-category", "created_at": "2023-11-14T04:44:12.277Z", "updated_at": "2023-11-14T04:44:12.277Z", "name": "second sub category", "category": "36af0cd2-35c1-41a8-8810-e9cf58a742bd"}}, {"model": "Store.sub_category", "pk": "b61042ad-2ce2-433c-9296-2a7aa7dd1698", "fields": {"slug": "flora-fauna", "created_at": "2023-11-15T15:23:20.802Z", "updated_at": "2023-11-15T15:23:20.802Z", "name": "FLORA & FAUNA", "category": "4f780428-8b45-4bde-a9e2-e6bf7e0b5ccb"}}, {"model": "Store.product", "pk": "0f4377dd-94a8-4e20-8088-d59c1af0c8f0", "fields": {"slug": "family-pack", "created_at": "2023-11-14T04:45:42.508Z", "updated_at": "2023-11-14T04:45:42.508Z", "description": "The ultimate hydration solution for your family adventures – the Atelier Water Bottle Family Pack! Crafted with precision, this pack combines the durability of double-wall and single-wall stainless steel bottles. With a spacious capacity and leak-proof design, staying hydrated on the go has never been easier. Embrace sustainability and style with these sleek, BPA-free bottles, ensuring safe sips for all ages.", "sub_category": "b54702a8-afa9-4524-ade6-82ef2e0ea5f1", "name": "Family Pack"}}, {"model": "Store.product", "pk": "129a0e7e-5a0f-467a-9441-c252f34fcab6", "fields": {"slug": "bear-hug-enjoy-d-journey", "created_at": "2023-11-15T12:56:17.885Z", "updated_at": "2023-11-15T12:56:17.885Z", "description": "Wrap yourself in the ultimate cuddly goodness with our Atelier Steel Bottle Combo Pack. Just like a warm bear hug, this set is all about comfort, love, and coziness. Crafted with premium quality materials, it guarantees a leak-proof experience, allowing you to carry your drinks hassle-free. The endearing bear designs will bring a smile to your face and make your hydration routine an adorable affair.", "sub_category": "a2dd588c-5303-4fdb-b31c-c43c791c6724", "name": "Bear Hug & Enjoy d Journey"}}, {"model": "Store.product", "pk": "2ac93940-bb1c-4335-9f6f-acbe59435275", "fields": {"slug": "new-product", "created_at": "2023-11-16T14:44:38.021Z", "updated_at": "2023-11-16T14:44:38.021Z", "description": "sfgdfg", "sub_category": "4a0ce489-1a93-4cbb-a837-24e9cb1b6f9d", "name": "new product"}}, {"model": "Store.product", "pk": "2c6a4d1f-1c6d-4e45-b670-3c5d06028367", "fields": {"slug": "Protein-Shaker-Bottle", "created_at": "2024-01-24T14:43:45.383Z", "updated_at": "2024-01-24T14:43:45.383Z", "description": "LARGE 2-IN-1 DRINK SHAKER bottles for protein shake includes the proprietary top spring and leakproof screw-on lid. 650ML Shaker cup capacity, 150ml compartment for protein powder with its own whisk and mix ball to make protein mixing as efficient as possible\r\nRUST-PROOF & EASY CLEAN MIX BALL : Unlike most metal ball, our ball is made from top quality plastic material which is rust proof, never chip or peel. It is safe to leave the ball inside the bottle while you are enjoying the drinks", "sub_category": "90b401c4-31e3-4559-9fa5-012a52e4e3ff", "name": "Protein Shaker Bottle"}}, {"model": "Store.product", "pk": "416962bc-61a9-4614-906b-d7c0e6097a75", "fields": {"slug": "baby-panda-jungle-jomboree", "created_at": "2023-10-26T07:01:48.238Z", "updated_at": "2023-10-26T07:01:48.238Z", "description": "Who can resist the charm of a baby panda? Our Atelier Steel Bottle Combo Pack brings the cuteness overload to your everyday life. Adorned with adorable baby panda illustrations, this pack is designed to warm your heart and provide a delightful experience with every sip. Made with eco-friendly materials, it ensures that you contribute to the well-being of these precious creatures while enjoying your favorite beverages.", "sub_category": "a2dd588c-5303-4fdb-b31c-c43c791c6724", "name": "Baby Panda & Jungle Jomboree"}}, {"model": "Store.product", "pk": "4241922d-a25a-4e94-9d1b-1ee346c51e60", "fields": {"slug": "bloom-in-dark", "created_at": "2023-11-15T15:24:22.959Z", "updated_at": "2023-11-15T15:24:22.959Z", "description": "Enjoy the unique collection of flowers, leaves, and bird patterns printing on our Stainless steel water bottles. These fascinating floral steel bottles will surely make you stop and admire them. This Atelier Steel Water Bottle is sleek, safe, and customizable.  Get to print your imagination design now. Our steel water bottle features a secure twist-on cap that guarantees no leaks or spills during travel.", "sub_category": "b61042ad-2ce2-433c-9296-2a7aa7dd1698", "name": "Bloom in Dark"}}, {"model": "Store.product", "pk": "57a30397-b807-4892-9ac1-c079b158aa3c", "fields": {"slug": "be-confident", "created_at": "2023-11-15T13:23:54.428Z", "updated_at": "2023-11-15T13:23:54.428Z", "description": "Speedex Teen stainless steel water bottles have beautiful printed quotes to motivate Teens for school , college and give motivation on dreams. Also, these customized steel water bottle printing is a great way to create a unique gift to friends groups, return gifts, friendship day gifts, birthdays, etc. Get Atelier Steel Water Bottle many desirable features are available such as special caps, cool colors & trendy prints.", "sub_category": "1bdc7d6f-c643-463f-85d1-578b53bca1dd", "name": "Be Confident"}}, {"model": "Store.product", "pk": "5e86c5f2-3f46-42e8-a1b4-8fa494086619", "fields": {"slug": "royal-gold-pack-of-2", "created_at": "2023-11-02T13:45:09.045Z", "updated_at": "2023-11-02T13:45:09.045Z", "description": "Quench like Royalty – Discover the golden touch of hydration. Elevate your hydration experience with the Royal Steel Bottle Combo Pack. Indulge in the regal allure of these luxurious bottles, designed to quench your thirst for style and sophistication making a perfect gift for all occasions, Made of 100% stainless steel, BPA-free, and leakproof.", "sub_category": "a2dd588c-5303-4fdb-b31c-c43c791c6724", "name": "Royal Gold Pack of 2"}}, {"model": "Store.product", "pk": "6e334917-8129-4cf7-bf31-8d801d249d26", "fields": {"slug": "fitness-freak", "created_at": "2023-11-16T04:47:54.471Z", "updated_at": "2023-11-16T04:47:54.471Z", "description": "The ultimate hydration companion for sports enthusiasts is the Sporty Atelier Steel Water Bottle from Speedex’s latest collection. You can make these as an excellent gift for yourself, a friend, or a family member who loves sports. It is the best way to keep you hydrated and motivated during sports and fitness activities. These steel bottles are available in different colors, patterns, and printed taglines like Fitness Freaks, Work Hard, Be Strong, Aim Big, etc.", "sub_category": "1bdc7d6f-c643-463f-85d1-578b53bca1dd", "name": "Fitness Freak"}}, {"model": "Store.product", "pk": "74db633c-2b62-4b84-87bf-3450d87e9d7b", "fields": {"slug": "Protein-Shaker-Bottle-with-Spring-Coil", "created_at": "2024-01-24T15:32:02.458Z", "updated_at": "2024-01-24T15:32:02.458Z", "description": "LARGE 2-IN-1 DRINK SHAKER bottles for protein shake includes the proprietary top spring and leakproof screw-on lid. 650ML Shaker cup capacity, 150ml compartment for protein powder with its own whisk and mix ball to make protein mixing as efficient as possible\r\nRUST-PROOF & EASY CLEAN MIX BALL : Unlike most metal ball, our ball is made from top quality plastic material which is rust proof, never chip or peel.", "sub_category": "90b401c4-31e3-4559-9fa5-012a52e4e3ff", "name": "Protein Shaker Bottle with Spring Coil"}}, {"model": "Store.variant", "pk": "10f607b6-2958-4bc4-86f7-53e1aac09f90", "fields": {"slug": "self-motivation-work-hard", "created_at": "2023-11-14T04:47:57.220Z", "updated_at": "2024-01-24T04:04:48.446Z", "product": "0f4377dd-94a8-4e20-8088-d59c1af0c8f0", "orginal_price": 699.0, "selling_price": 549.0, "quantity": -3, "cover_image": "product/self-motivation-combo.png", "size": "1000ml", "color": "Self Motivation & Work Hard"}}, {"model": "Store.variant", "pk": "33414936-d20b-45c3-947e-54892b1cd526", "fields": {"slug": "Protein-Shaker-Bottle-Pink", "created_at": "2024-01-24T14:46:17.808Z", "updated_at": "2024-01-30T14:38:53.151Z", "product": "2c6a4d1f-1c6d-4e45-b670-3c5d06028367", "orginal_price": 599.0, "selling_price": 498.0, "quantity": 48, "cover_image": "product/main_image_red.webp", "size": "500ml", "color": "Protein Shaker Bottle Pink"}}, {"model": "Store.variant", "pk": "34ae2078-4641-4208-9ca7-e414e40bbc88", "fields": {"slug": "bear-hug-enjoy-d-journey", "created_at": "2023-11-15T12:57:39.581Z", "updated_at": "2024-01-30T14:40:58.569Z", "product": "129a0e7e-5a0f-467a-9441-c252f34fcab6", "orginal_price": 1299.0, "selling_price": 1099.0, "quantity": 11, "cover_image": "product/bear-hug-comboo.png", "size": "500ml", "color": "Bear Hug & Enjoy d Journey"}}, {"model": "Store.variant", "pk": "35017cd5-a8ee-49c7-9d02-c8e2917166e9", "fields": {"slug": "Spring-Coil-", "created_at": "2024-01-25T04:48:38.171Z", "updated_at": "2024-01-25T04:48:38.171Z", "product": "74db633c-2b62-4b84-87bf-3450d87e9d7b", "orginal_price": 999.0, "selling_price": 899.0, "quantity": 50, "cover_image": "product/solara3.webp", "size": "500ml", "color": "Spring Coil Red"}}, {"model": "Store.variant", "pk": "39d6d3f6-dc46-4907-ab22-340383e77206", "fields": {"slug": "simplex-hydrate", "created_at": "2023-10-26T07:04:19.777Z", "updated_at": "2024-02-06T04:49:37.656Z", "product": "416962bc-61a9-4614-906b-d7c0e6097a75", "orginal_price": 2200.0, "selling_price": 1900.0, "quantity": 26, "cover_image": "product/combo2.png", "size": "500ml", "color": "Simplex & Hydrate"}}, {"model": "Store.variant", "pk": "5e812472-6132-4e1e-b9d1-9ed55e39b03a", "fields": {"slug": "pink-blossom", "created_at": "2023-11-15T15:28:36.646Z", "updated_at": "2023-11-15T15:28:36.647Z", "product": "4241922d-a25a-4e94-9d1b-1ee346c51e60", "orginal_price": 1299.0, "selling_price": 1199.0, "quantity": 13, "cover_image": "product/Pink-Blossom-420x455.png", "size": "1000ml", "color": "Pink Blossom"}}, {"model": "Store.variant", "pk": "70037798-5050-405f-9223-aa3bf283d914", "fields": {"slug": "simplex-hydrate-2", "created_at": "2023-11-15T12:53:42.064Z", "updated_at": "2024-01-11T05:56:52.178Z", "product": "416962bc-61a9-4614-906b-d7c0e6097a75", "orginal_price": 899.0, "selling_price": 699.0, "quantity": 11, "cover_image": "product/dydrate-comboo_c1o8pR0.png", "size": "500ml", "color": "Simplex & Hydrate 2"}}, {"model": "Store.variant", "pk": "77210095-81b2-40db-958f-42da6a099535", "fields": {"slug": "lush-green", "created_at": "2023-11-15T15:27:23.343Z", "updated_at": "2023-11-15T15:27:23.343Z", "product": "4241922d-a25a-4e94-9d1b-1ee346c51e60", "orginal_price": 1099.0, "selling_price": 899.0, "quantity": 16, "cover_image": "product/Lush-Green-420x455.png", "size": "500ml", "color": "Lush Green"}}, {"model": "Store.variant", "pk": "7b480e55-7709-4142-aeb3-64c925df722a", "fields": {"slug": "fitness-freak", "created_at": "2023-11-16T04:48:26.583Z", "updated_at": "2024-02-01T05:43:20.199Z", "product": "6e334917-8129-4cf7-bf31-8d801d249d26", "orginal_price": 1099.0, "selling_price": 899.0, "quantity": 12, "cover_image": "product/Fitness-Freak-420x455.png", "size": "500ml", "color": "Fitness Freak"}}, {"model": "Store.variant", "pk": "9b6f20dc-a203-4cc0-a597-3aec925e8349", "fields": {"slug": "never-give-up-sports-fanatic", "created_at": "2023-11-15T12:58:43.250Z", "updated_at": "2024-01-25T07:01:38.773Z", "product": "129a0e7e-5a0f-467a-9441-c252f34fcab6", "orginal_price": 1199.0, "selling_price": 1099.0, "quantity": 21, "cover_image": "product/nevergive-up-comboo.png", "size": "1000ml", "color": "Never give up & Sports fanatic"}}, {"model": "Store.variant", "pk": "a4da22ca-31a5-455f-ba4d-e57befc1d0e2", "fields": {"slug": "simplex-pack-of-2", "created_at": "2023-11-15T12:54:43.758Z", "updated_at": "2024-01-24T04:02:26.110Z", "product": "416962bc-61a9-4614-906b-d7c0e6097a75", "orginal_price": 999.0, "selling_price": 899.0, "quantity": 44, "cover_image": "product/simplex-comboo.png", "size": "1000ml", "color": "Simplex Pack of 2"}}, {"model": "Store.variant", "pk": "c082e581-2db4-4166-9a76-f1401307b86f", "fields": {"slug": "royal-gold-pack-of-2", "created_at": "2023-11-02T13:47:20.491Z", "updated_at": "2024-02-01T13:44:21.347Z", "product": "5e86c5f2-3f46-42e8-a1b4-8fa494086619", "orginal_price": 1668.0, "selling_price": 2100.0, "quantity": 4, "cover_image": "product/royal-gold-combo.png", "size": "500ml", "color": "Royal Gold Pack of 2"}}, {"model": "Store.variant", "pk": "c511298d-7b44-4930-9ca1-dba8666eab38", "fields": {"slug": "Protein-Shaker-Bottle-Red", "created_at": "2024-01-24T15:03:46.439Z", "updated_at": "2024-01-24T15:03:46.439Z", "product": "2c6a4d1f-1c6d-4e45-b670-3c5d06028367", "orginal_price": 699.0, "selling_price": 598.0, "quantity": 59, "cover_image": "product/main_image_pink.webp", "size": "1000ml", "color": "Protein Shaker Bottle Red"}}, {"model": "Store.variant", "pk": "d5c32411-85a0-4690-9269-b31ee2beb4f0", "fields": {"slug": "bloom-in-dark", "created_at": "2023-11-15T15:25:24.436Z", "updated_at": "2023-11-15T15:25:24.436Z", "product": "4241922d-a25a-4e94-9d1b-1ee346c51e60", "orginal_price": 899.0, "selling_price": 799.0, "quantity": 16, "cover_image": "product/bloom-in-dark-420x455.png", "size": "500ml", "color": "Bloom in Dark"}}, {"model": "Store.variant", "pk": "d9f8fce4-e7a8-47f4-9184-7e91896ce233", "fields": {"slug": "new-colour", "created_at": "2023-11-16T14:45:20.357Z", "updated_at": "2023-11-27T07:17:59.338Z", "product": "2ac93940-bb1c-4335-9f6f-acbe59435275", "orginal_price": 899.0, "selling_price": 799.0, "quantity": 0, "cover_image": "product/bloom-in-dark-420x455_Kk97Foc.png", "size": "1000ml", "color": "new colour"}}, {"model": "Store.variant", "pk": "e0ccc9ab-d97e-46a8-84b5-5ce7dd64eb09", "fields": {"slug": "Spring-Coil-Blue", "created_at": "2024-01-25T04:58:05.856Z", "updated_at": "2024-01-25T04:58:05.856Z", "product": "74db633c-2b62-4b84-87bf-3450d87e9d7b", "orginal_price": 799.0, "selling_price": 698.0, "quantity": 59, "cover_image": "product/solara4_1.webp", "size": "500ml", "color": "Spring Coil-Blue"}}, {"model": "Store.variant", "pk": "e2918517-a899-44d1-b63f-afe42124e5fd", "fields": {"slug": "self-motivation-work-harddf", "created_at": "2023-11-15T13:01:51.658Z", "updated_at": "2023-11-15T13:03:14.503Z", "product": "129a0e7e-5a0f-467a-9441-c252f34fcab6", "orginal_price": 999.0, "selling_price": 869.0, "quantity": 15, "cover_image": "product/self-motivation-comboo.png", "size": "500ml", "color": "Self Motivation & Work Hard"}}, {"model": "Store.variant", "pk": "fb087173-5585-410b-b7cc-23cf0dece6ec", "fields": {"slug": "be-confident", "created_at": "2023-11-15T13:24:23.933Z", "updated_at": "2024-01-30T14:42:42.439Z", "product": "57a30397-b807-4892-9ac1-c079b158aa3c", "orginal_price": 599.0, "selling_price": 899.0, "quantity": 12, "cover_image": "product/be-confident-420x455.png", "size": "500ml", "color": "Be Confident"}}, {"model": "Store.color_image", "pk": 1, "fields": {"variant": "33414936-d20b-45c3-947e-54892b1cd526", "variantimg": "solara1_1.webp"}}, {"model": "Store.color_image", "pk": 2, "fields": {"variant": "33414936-d20b-45c3-947e-54892b1cd526", "variantimg": "solara1_2.webp"}}, {"model": "Store.color_image", "pk": 3, "fields": {"variant": "33414936-d20b-45c3-947e-54892b1cd526", "variantimg": "solara1_3.webp"}}, {"model": "Store.color_image", "pk": 4, "fields": {"variant": "33414936-d20b-45c3-947e-54892b1cd526", "variantimg": "solara1_4.webp"}}, {"model": "Store.color_image", "pk": 5, "fields": {"variant": "33414936-d20b-45c3-947e-54892b1cd526", "variantimg": "solara1_5.webp"}}, {"model": "Store.color_image", "pk": 6, "fields": {"variant": "c511298d-7b44-4930-9ca1-dba8666eab38", "variantimg": "solara1_1_K8eSl58.webp"}}, {"model": "Store.color_image", "pk": 7, "fields": {"variant": "c511298d-7b44-4930-9ca1-dba8666eab38", "variantimg": "solara1_2_GHHGCVn.webp"}}, {"model": "Store.color_image", "pk": 8, "fields": {"variant": "c511298d-7b44-4930-9ca1-dba8666eab38", "variantimg": "solara1_3_fQmuHXo.webp"}}, {"model": "Store.color_image", "pk": 9, "fields": {"variant": "c511298d-7b44-4930-9ca1-dba8666eab38", "variantimg": "solara1_4_jGmKSMl.webp"}}, {"model": "Store.color_image", "pk": 10, "fields": {"variant": "c511298d-7b44-4930-9ca1-dba8666eab38", "variantimg": "solara1_5_qT8aRLV.webp"}}, {"model": "Store.color_image", "pk": 12, "fields": {"variant": "35017cd5-a8ee-49c7-9d02-c8e2917166e9", "variantimg": "solara3_1.webp"}}, {"model": "Store.color_image", "pk": 13, "fields": {"variant": "35017cd5-a8ee-49c7-9d02-c8e2917166e9", "variantimg": "solara3_3.webp"}}, {"model": "Store.color_image", "pk": 14, "fields": {"variant": "35017cd5-a8ee-49c7-9d02-c8e2917166e9", "variantimg": "solara3_4.webp"}}, {"model": "Store.color_image", "pk": 15, "fields": {"variant": "35017cd5-a8ee-49c7-9d02-c8e2917166e9", "variantimg": "solara3_2.webp"}}, {"model": "Store.color_image", "pk": 17, "fields": {"variant": "e0ccc9ab-d97e-46a8-84b5-5ce7dd64eb09", "variantimg": "solara3_1_fuCiqlg.webp"}}, {"model": "Store.color_image", "pk": 18, "fields": {"variant": "e0ccc9ab-d97e-46a8-84b5-5ce7dd64eb09", "variantimg": "solara3_3_k1hwnZU.webp"}}, {"model": "Store.color_image", "pk": 19, "fields": {"variant": "e0ccc9ab-d97e-46a8-84b5-5ce7dd64eb09", "variantimg": "solara3_3_Y1WeZ1R.webp"}}, {"model": "Store.color_image", "pk": 20, "fields": {"variant": "e0ccc9ab-d97e-46a8-84b5-5ce7dd64eb09", "variantimg": "solara3_1_elGK6pi.webp"}}, {"model": "Store.cart", "pk": "4da71f62-aa69-4897-bdb8-560c0b92d949", "fields": {"slug": "simplex-hydrate", "updated_at": "2024-02-07T05:47:50.031Z", "user": "b2c1d768-0e6a-42d5-8245-69527911fd18", "variant": "39d6d3f6-dc46-4907-ab22-340383e77206", "variant_qty": 1, "created_at": "2024-02-07T05:47:50.031Z", "total_price": 1900, "rezor_pay_order_id": null, "rezor_pay_payment_id": null, "rezor_pay_payment_signature": null}}, {"model": "Store.cart", "pk": "7b7c4d95-b812-43da-af17-65f2173254ac", "fields": {"slug": "royal-gold-pack-of-2", "updated_at": "2024-02-07T05:48:43.942Z", "user": "b2c1d768-0e6a-42d5-8245-69527911fd18", "variant": "c082e581-2db4-4166-9a76-f1401307b86f", "variant_qty": 1, "created_at": "2024-02-07T05:48:43.942Z", "total_price": 2100, "rezor_pay_order_id": null, "rezor_pay_payment_id": null, "rezor_pay_payment_signature": null}}, {"model": "Store.promocode", "pk": 1, "fields": {"code": "MSDKIS34", "discount_price": 50, "purchase_price": 1500, "expaire_date": "2024-08-12"}}, {"model": "Store.promocode", "pk": 2, "fields": {"code": "FDFJSN24", "discount_price": 100, "purchase_price": 2000, "expaire_date": "2024-09-14"}}, {"model": "Store.promocode", "pk": 3, "fields": {"code": "FWFG765", "discount_price": 200, "purchase_price": 3000, "expaire_date": "2024-01-08"}}, {"model": "Store.promocode", "pk": 4, "fields": {"code": "DDFJD456", "discount_price": 150, "purchase_price": 2500, "expaire_date": "2023-04-05"}}, {"model": "Store.promocode", "pk": 5, "fields": {"code": "DDFHFJGJK", "discount_price": 300, "purchase_price": 4000, "expaire_date": "2023-12-23"}}, {"model": "Store.userorder", "pk": 36, "fields": {"user": "b576d3bf-6cf7-4649-aa90-3f3026a12dd1", "address": "cb84cb4f-a105-4566-946a-b8265fa75184", "total_price": 3596.0, "payment_mode": "cash_on_delivery", "status": "Cancelled", "message": null, "tracking_no": "usbot2183657", "created_at": "2024-01-24T04:02:26.081Z", "update_at": "2024-01-24T04:05:46.565Z"}}, {"model": "Store.userorder", "pk": 37, "fields": {"user": "b576d3bf-6cf7-4649-aa90-3f3026a12dd1", "address": "cb84cb4f-a105-4566-946a-b8265fa75184", "total_price": 9283.0, "payment_mode": "razorpay", "status": "Pending", "message": null, "tracking_no": "usbot7577144", "created_at": "2024-01-24T04:04:48.428Z", "update_at": "2024-01-24T04:04:48.428Z"}}, {"model": "Store.userorder", "pk": 38, "fields": {"user": "2b5a9a93-4889-49d1-8358-df72962fcbab", "address": "b75718f5-336b-4b58-a0c3-34573ee9d36d", "total_price": 9490.0, "payment_mode": "razorpay", "status": "Shipped", "message": "ok bye , naaan pokunnu", "tracking_no": "usbot8042103", "created_at": "2024-01-25T07:01:38.742Z", "update_at": "2024-01-25T07:05:35.911Z"}}, {"model": "Store.userorder", "pk": 39, "fields": {"user": "b2c1d768-0e6a-42d5-8245-69527911fd18", "address": "eb5118f2-b03a-4e20-a8c2-f8fb86eebc89", "total_price": 2100.0, "payment_mode": "cash_on_delivery", "status": "Delivered", "message": "drfgjhmb,", "tracking_no": "usbot1573999", "created_at": "2024-01-30T09:30:09.060Z", "update_at": "2024-01-30T10:10:25.880Z"}}, {"model": "Store.userorder", "pk": 40, "fields": {"user": "b2c1d768-0e6a-42d5-8245-69527911fd18", "address": "eb5118f2-b03a-4e20-a8c2-f8fb86eebc89", "total_price": 1900.0, "payment_mode": "cash_on_delivery", "status": "Pending", "message": null, "tracking_no": "usbot4991797", "created_at": "2024-01-30T13:47:24.395Z", "update_at": "2024-01-30T13:47:24.395Z"}}, {"model": "Store.userorder", "pk": 41, "fields": {"user": "b2c1d768-0e6a-42d5-8245-69527911fd18", "address": "42da1dd1-a627-4f60-bd63-2535f417ed81", "total_price": 1992.0, "payment_mode": "razorpay", "status": "Pending", "message": null, "tracking_no": "usbot2816285", "created_at": "2024-01-30T14:38:53.124Z", "update_at": "2024-01-30T14:38:53.124Z"}}, {"model": "Store.userorder", "pk": 42, "fields": {"user": "b2c1d768-0e6a-42d5-8245-69527911fd18", "address": "42da1dd1-a627-4f60-bd63-2535f417ed81", "total_price": 5948.0, "payment_mode": "cash_on_delivery", "status": "Pending", "message": null, "tracking_no": "usbot3726495", "created_at": "2024-01-30T14:40:58.209Z", "update_at": "2024-01-30T14:40:58.209Z"}}, {"model": "Store.userorder", "pk": 43, "fields": {"user": "b2c1d768-0e6a-42d5-8245-69527911fd18", "address": "42da1dd1-a627-4f60-bd63-2535f417ed81", "total_price": 1900.0, "payment_mode": "cash_on_delivery", "status": "Pending", "message": null, "tracking_no": "usbot7670822", "created_at": "2024-01-30T14:42:23.518Z", "update_at": "2024-01-30T14:42:23.518Z"}}, {"model": "Store.userorder", "pk": 44, "fields": {"user": "b2c1d768-0e6a-42d5-8245-69527911fd18", "address": "42da1dd1-a627-4f60-bd63-2535f417ed81", "total_price": 899.0, "payment_mode": "cash_on_delivery", "status": "Cancelled", "message": null, "tracking_no": "usbot4430812", "created_at": "2024-01-30T14:42:42.409Z", "update_at": "2024-01-30T14:44:37.397Z"}}, {"model": "Store.userorder", "pk": 45, "fields": {"user": "b2c1d768-0e6a-42d5-8245-69527911fd18", "address": "42da1dd1-a627-4f60-bd63-2535f417ed81", "total_price": 1900.0, "payment_mode": "cash_on_delivery", "status": "Paid", "message": "ok", "tracking_no": "usbot8432341", "created_at": "2024-01-30T14:43:03.079Z", "update_at": "2024-01-30T14:50:32.664Z"}}, {"model": "Store.userorder", "pk": 46, "fields": {"user": "b2c1d768-0e6a-42d5-8245-69527911fd18", "address": "42da1dd1-a627-4f60-bd63-2535f417ed81", "total_price": 2100.0, "payment_mode": "stripe", "status": "Pending", "message": null, "tracking_no": "usbot1868958", "created_at": "2024-02-01T05:03:36.732Z", "update_at": "2024-02-01T05:03:36.732Z"}}, {"model": "Store.userorder", "pk": 47, "fields": {"user": "b2c1d768-0e6a-42d5-8245-69527911fd18", "address": "42da1dd1-a627-4f60-bd63-2535f417ed81", "total_price": 899.0, "payment_mode": "cash_on_delivery", "status": "Pending", "message": null, "tracking_no": "usbot3054777", "created_at": "2024-02-01T05:43:20.164Z", "update_at": "2024-02-01T05:43:20.164Z"}}, {"model": "Store.userorder", "pk": 48, "fields": {"user": "b2c1d768-0e6a-42d5-8245-69527911fd18", "address": "42da1dd1-a627-4f60-bd63-2535f417ed81", "total_price": 4000.0, "payment_mode": "cash_on_delivery", "status": "Pending", "message": null, "tracking_no": "usbot4291341", "created_at": "2024-02-01T13:44:21.303Z", "update_at": "2024-02-01T13:44:21.303Z"}}, {"model": "Store.userorder", "pk": 49, "fields": {"user": "b2c1d768-0e6a-42d5-8245-69527911fd18", "address": "42da1dd1-a627-4f60-bd63-2535f417ed81", "total_price": 1900.0, "payment_mode": "cash_on_delivery", "status": "Pending", "message": null, "tracking_no": "usbot7415731", "created_at": "2024-02-06T04:49:37.596Z", "update_at": "2024-02-06T04:49:37.596Z"}}, {"model": "Store.userorderitem", "pk": 21, "fields": {"order": 36, "variant": "a4da22ca-31a5-455f-ba4d-e57befc1d0e2", "quantity": "4", "price": "899.0", "total": "3596", "coupon": "0"}}, {"model": "Store.userorderitem", "pk": 22, "fields": {"order": 37, "variant": "10f607b6-2958-4bc4-86f7-53e1aac09f90", "quantity": "17", "price": "549.0", "total": "9283.0", "coupon": "50.0"}}, {"model": "Store.userorderitem", "pk": 23, "fields": {"order": 38, "variant": "9b6f20dc-a203-4cc0-a597-3aec925e8349", "quantity": "4", "price": "1099.0", "total": "9490.0", "coupon": "300.0"}}, {"model": "Store.userorderitem", "pk": 24, "fields": {"order": 38, "variant": "fb087173-5585-410b-b7cc-23cf0dece6ec", "quantity": "6", "price": "899.0", "total": "9490.0", "coupon": "300.0"}}, {"model": "Store.userorderitem", "pk": 25, "fields": {"order": 39, "variant": "c082e581-2db4-4166-9a76-f1401307b86f", "quantity": "1", "price": "2100.0", "total": "2100", "coupon": "0"}}, {"model": "Store.userorderitem", "pk": 26, "fields": {"order": 40, "variant": "39d6d3f6-dc46-4907-ab22-340383e77206", "quantity": "1", "price": "1900.0", "total": "1900", "coupon": "0"}}, {"model": "Store.userorderitem", "pk": 27, "fields": {"order": 41, "variant": "33414936-d20b-45c3-947e-54892b1cd526", "quantity": "4", "price": "498.0", "total": "1992", "coupon": "0"}}, {"model": "Store.userorderitem", "pk": 28, "fields": {"order": 42, "variant": "39d6d3f6-dc46-4907-ab22-340383e77206", "quantity": "1", "price": "1900.0", "total": "5948.0", "coupon": "50.0"}}, {"model": "Store.userorderitem", "pk": 29, "fields": {"order": 42, "variant": "c082e581-2db4-4166-9a76-f1401307b86f", "quantity": "1", "price": "2100.0", "total": "5948.0", "coupon": "50.0"}}, {"model": "Store.userorderitem", "pk": 30, "fields": {"order": 42, "variant": "fb087173-5585-410b-b7cc-23cf0dece6ec", "quantity": "1", "price": "899.0", "total": "5948.0", "coupon": "50.0"}}, {"model": "Store.userorderitem", "pk": 31, "fields": {"order": 42, "variant": "34ae2078-4641-4208-9ca7-e414e40bbc88", "quantity": "1", "price": "1099.0", "total": "5948.0", "coupon": "50.0"}}, {"model": "Store.userorderitem", "pk": 32, "fields": {"order": 43, "variant": "39d6d3f6-dc46-4907-ab22-340383e77206", "quantity": "1", "price": "1900.0", "total": "1900", "coupon": "0"}}, {"model": "Store.userorderitem", "pk": 33, "fields": {"order": 44, "variant": "fb087173-5585-410b-b7cc-23cf0dece6ec", "quantity": "1", "price": "899.0", "total": "899", "coupon": "0"}}, {"model": "Store.userorderitem", "pk": 34, "fields": {"order": 45, "variant": "39d6d3f6-dc46-4907-ab22-340383e77206", "quantity": "1", "price": "1900.0", "total": "1900", "coupon": "0"}}, {"model": "Store.userorderitem", "pk": 35, "fields": {"order": 46, "variant": "c082e581-2db4-4166-9a76-f1401307b86f", "quantity": "1", "price": "2100.0", "total": "2100", "coupon": "0"}}, {"model": "Store.userorderitem", "pk": 36, "fields": {"order": 47, "variant": "7b480e55-7709-4142-aeb3-64c925df722a", "quantity": "1", "price": "899.0", "total": "899", "coupon": "0"}}, {"model": "Store.userorderitem", "pk": 37, "fields": {"order": 48, "variant": "39d6d3f6-dc46-4907-ab22-340383e77206", "quantity": "1", "price": "1900.0", "total": "4000", "coupon": "0"}}, {"model": "Store.userorderitem", "pk": 38, "fields": {"order": 48, "variant": "c082e581-2db4-4166-9a76-f1401307b86f", "quantity": "1", "price": "2100.0", "total": "4000", "coupon": "0"}}, {"model": "Store.userorderitem", "pk": 39, "fields": {"order": 49, "variant": "39d6d3f6-dc46-4907-ab22-340383e77206", "quantity": "1", "price": "1900.0", "total": "1900", "coupon": "0"}}, {"model": "Store.image", "pk": 1, "fields": {"title": "hdxjghcmg", "image": "images/2024-01-19-104515.jpg"}}, {"model": "wishlist.wishlistmodel", "pk": "33df5f38-8490-4db5-b45f-b19a6c87fa66", "fields": {"user": "2b5a9a93-4889-49d1-8358-df72962fcbab", "product": "57a30397-b807-4892-9ac1-c079b158aa3c"}}, {"model": "wishlist.wishlistmodel", "pk": "61792425-1c1e-4b9c-a251-3bc335207256", "fields": {"user": "b576d3bf-6cf7-4649-aa90-3f3026a12dd1", "product": "416962bc-61a9-4614-906b-d7c0e6097a75"}}, {"model": "wishlist.wishlistmodel", "pk": "8070c634-1e8f-4399-ab51-fd5fac048546", "fields": {"user": "2b5a9a93-4889-49d1-8358-df72962fcbab", "product": "129a0e7e-5a0f-467a-9441-c252f34fcab6"}}]